{"info":{"description":"my-project-name"},"images":[{"id":1,"width":450,"height":300,"file_name":"000001.jpg"},{"id":2,"width":1500,"height":943,"file_name":"000002.jpg"},{"id":3,"width":300,"height":235,"file_name":"000003.jpg"},{"id":4,"width":900,"height":900,"file_name":"000004.jpg"},{"id":5,"width":1920,"height":1080,"file_name":"000005.jpg"},{"id":6,"width":900,"height":600,"file_name":"000006.jpg"},{"id":7,"width":1605,"height":1605,"file_name":"000008.jpg"},{"id":8,"width":3072,"height":2048,"file_name":"000009.jpg"},{"id":9,"width":800,"height":800,"file_name":"000010.jpg"},{"id":10,"width":550,"height":550,"file_name":"000011.jpg"},{"id":11,"width":626,"height":469,"file_name":"000012.jpg"},{"id":12,"width":1024,"height":512,"file_name":"000015.jpg"},{"id":13,"width":3008,"height":2000,"file_name":"000016.jpg"},{"id":14,"width":2179,"height":1914,"file_name":"000017.jpg"},{"id":15,"width":1280,"height":720,"file_name":"000018.jpg"},{"id":16,"width":1600,"height":1481,"file_name":"000019.jpg"},{"id":17,"width":1600,"height":1690,"file_name":"000021.jpg"},{"id":18,"width":480,"height":480,"file_name":"000023.jpg"},{"id":19,"width":1600,"height":430,"file_name":"000024.jpg"},{"id":20,"width":800,"height":800,"file_name":"000025.jpg"},{"id":21,"width":1500,"height":1125,"file_name":"000027.jpg"},{"id":22,"width":500,"height":281,"file_name":"000028.jpg"},{"id":23,"width":728,"height":489,"file_name":"000031.jpg"},{"id":24,"width":914,"height":1000,"file_name":"000032.jpg"},{"id":25,"width":800,"height":800,"file_name":"000033.jpg"},{"id":26,"width":900,"height":900,"file_name":"000034.jpg"},{"id":27,"width":1888,"height":1416,"file_name":"000035.jpg"},{"id":28,"width":1280,"height":720,"file_name":"000037.jpg"},{"id":29,"width":636,"height":424,"file_name":"000039.jpg"},{"id":30,"width":1920,"height":1080,"file_name":"000040.jpg"},{"id":31,"width":250,"height":250,"file_name":"000041.jpg"},{"id":32,"width":3872,"height":2592,"file_name":"000042.jpg"},{"id":33,"width":650,"height":650,"file_name":"000045.jpg"},{"id":34,"width":500,"height":281,"file_name":"000046.jpg"},{"id":35,"width":800,"height":800,"file_name":"000047.jpg"},{"id":36,"width":1600,"height":1200,"file_name":"000048.jpg"},{"id":37,"width":1888,"height":1062,"file_name":"000050.jpg"},{"id":38,"width":384,"height":280,"file_name":"000052.jpg"},{"id":39,"width":900,"height":600,"file_name":"000054.jpg"},{"id":40,"width":1200,"height":1100,"file_name":"000055.jpg"},{"id":41,"width":700,"height":436,"file_name":"000056.jpg"},{"id":42,"width":500,"height":500,"file_name":"000058.jpg"},{"id":43,"width":600,"height":600,"file_name":"000059.jpg"},{"id":44,"width":1621,"height":1072,"file_name":"000062.jpg"},{"id":45,"width":750,"height":750,"file_name":"000070.jpg"},{"id":46,"width":1920,"height":2560,"file_name":"000072.jpg"},{"id":47,"width":800,"height":533,"file_name":"000077.jpg"},{"id":48,"width":461,"height":480,"file_name":"000081.jpg"},{"id":49,"width":1600,"height":1290,"file_name":"000085.jpg"},{"id":50,"width":870,"height":304,"file_name":"000086.jpg"},{"id":51,"width":1920,"height":450,"file_name":"000088.jpg"},{"id":52,"width":500,"height":364,"file_name":"000090.jpg"},{"id":53,"width":480,"height":360,"file_name":"000092.jpg"},{"id":54,"width":900,"height":600,"file_name":"000093.jpg"},{"id":55,"width":620,"height":413,"file_name":"000097.jpg"},{"id":56,"width":550,"height":390,"file_name":"000108.jpg"},{"id":57,"width":1600,"height":1200,"file_name":"000110.jpg"},{"id":58,"width":650,"height":980,"file_name":"000111.jpg"},{"id":59,"width":728,"height":489,"file_name":"000112.jpg"},{"id":60,"width":900,"height":600,"file_name":"000113.jpg"},{"id":61,"width":528,"height":710,"file_name":"000115.png"},{"id":62,"width":809,"height":1000,"file_name":"tape_0001.jpg"},{"id":63,"width":1139,"height":847,"file_name":"tape_0002.jpg"},{"id":64,"width":650,"height":450,"file_name":"tape_0003.png"},{"id":65,"width":861,"height":1000,"file_name":"tape_0004.jpg"},{"id":66,"width":950,"height":627,"file_name":"tape_0005.jpg"},{"id":67,"width":1200,"height":628,"file_name":"tape_0006.jpg"},{"id":68,"width":818,"height":1000,"file_name":"tape_0007.jpg"},{"id":69,"width":768,"height":318,"file_name":"tape_0008.jpg"},{"id":70,"width":1000,"height":933,"file_name":"tape_0009.jpg"},{"id":71,"width":690,"height":499,"file_name":"tape_0013.png"},{"id":72,"width":512,"height":384,"file_name":"tape_0014.jpg"},{"id":73,"width":1200,"height":600,"file_name":"tape_0015.jpg"},{"id":74,"width":850,"height":567,"file_name":"tape_0017.jpg"},{"id":75,"width":1536,"height":2056,"file_name":"tape_0018.jpg"},{"id":76,"width":640,"height":590,"file_name":"tape_0020.jpg"},{"id":77,"width":2560,"height":1920,"file_name":"tape_0024.jpg"},{"id":78,"width":1155,"height":919,"file_name":"tape_0026.png"},{"id":79,"width":1200,"height":630,"file_name":"tape_0027.jpg"},{"id":80,"width":683,"height":1024,"file_name":"tape_0030.jpg"},{"id":81,"width":1300,"height":955,"file_name":"tape_0031.jpg"},{"id":82,"width":768,"height":432,"file_name":"tape_0033.jpg"},{"id":83,"width":300,"height":300,"file_name":"tape_0037.png"},{"id":84,"width":1600,"height":1543,"file_name":"tape_0042.jpg"},{"id":85,"width":400,"height":400,"file_name":"tape_0043.jpg"},{"id":86,"width":565,"height":632,"file_name":"tape_0044.png"},{"id":87,"width":500,"height":500,"file_name":"tape_0048.jpg"},{"id":88,"width":1080,"height":690,"file_name":"tape_0049.jpg"},{"id":89,"width":1200,"height":1200,"file_name":"tape_0050.jpg"},{"id":90,"width":500,"height":500,"file_name":"tape_0051.jpg"},{"id":91,"width":772,"height":1024,"file_name":"tape_0053.jpg"},{"id":92,"width":400,"height":400,"file_name":"tape_0054.jpg"},{"id":93,"width":500,"height":500,"file_name":"tape_0055.jpg"},{"id":94,"width":320,"height":232,"file_name":"tape_0057.png"},{"id":95,"width":1200,"height":600,"file_name":"tape_0058.jpg"},{"id":96,"width":1500,"height":1346,"file_name":"tape_0059.jpg"},{"id":97,"width":479,"height":638,"file_name":"tape_0060.png"},{"id":98,"width":1600,"height":1600,"file_name":"tape_0064.jpg"},{"id":99,"width":2448,"height":3264,"file_name":"tape_0065.jpg"},{"id":100,"width":1600,"height":1035,"file_name":"tape_0066.jpg"},{"id":101,"width":3024,"height":3024,"file_name":"tape_0067.jpg"},{"id":102,"width":500,"height":500,"file_name":"tape_0068.jpg"},{"id":103,"width":800,"height":800,"file_name":"tape_0070.jpg"},{"id":104,"width":1024,"height":768,"file_name":"tape_0071.jpg"},{"id":105,"width":1000,"height":750,"file_name":"tape_0072.png"},{"id":106,"width":5513,"height":3680,"file_name":"tape_0073.jpg"}],"annotations":[{"id":0,"iscrowd":0,"image_id":1,"category_id":1,"segmentation":[[164.36688311688312,103.79464285714288,178.97727272727275,97.58522727272728,197.6055194805195,89.91477272727273,221.3474025974026,79.32224025974027,239.2451298701299,71.65178571428572,258.60389610389615,61.05925324675326,272.1185064935065,55.94561688311689,288.18993506493507,72.01704545454547,307.1834415584416,98.6810064935065,327.2727272727273,125.7102272727273,348.09253246753246,150.91314935064938,317.77597402597405,168.81087662337663,284.17207792207796,181.59496753246756,245.08928571428572,198.76217532467535,230.11363636363637,203.87581168831173]],"bbox":[164.36688311688312,55.94561688311689,183.72564935064935,147.93019480519484],"area":14860.06035614143},{"id":1,"iscrowd":0,"image_id":2,"category_id":1,"segmentation":[[474.8376623376623,485.50162337662334,487.01298701298697,522.0275974025974,506.49350649350646,567.0762987012987,527.1915584415584,606.0373376623377,580.762987012987,585.3392857142857,648.9448051948052,547.5957792207791,708.6038961038961,524.4626623376623,764.6103896103896,494.02435064935065,832.7922077922077,468.4561688311688,877.840909090909,438.0178571428571,914.3668831168831,424.625,886.3636363636363,380.79383116883116,863.2305194805194,347.9204545454545,843.75,324.7873376623377,792.6136363636364,340.6152597402597,740.2597402597402,364.96590909090907,662.3376623376623,392.9691558441558,608.7662337662338,425.84253246753246,543.0194805194805,452.62824675324674]],"bbox":[474.8376623376623,324.7873376623377,439.52922077922074,281.25],"area":54837.13856151961},{"id":2,"iscrowd":0,"image_id":3,"category_id":1,"segmentation":[[21.586248492159232,149.67430639324488,28.389626055488545,141.45355850422197,49.36670687575393,148.25693606755127,76.01326899879373,157.32810615199037,104.36067551266586,165.26537997587457,131.85765983112185,172.3522316043426,163.0398069963812,179.72255729794935,190.53679131483716,185.9589867310012,213.7816646562123,192.47889022919182,231.35705669481305,197.8648974668275,227.67189384800966,208.35343787696021,192.80458383594694,198.71531966224367,153.9686369119421,189.6441495778046,119.3848009650181,180.57297949336552,92.7382388419783,172.91917973462003,64.39083232810616,163.56453558504222,36.326899879372746,155.91073582629676]],"bbox":[21.586248492159232,141.45355850422197,209.77080820265382,66.89987937273824],"area":2342.301918104422},{"id":3,"iscrowd":0,"image_id":3,"category_id":1,"segmentation":[[232.49095295536793,191.91194209891435,246.664656212304,196.44752714113392,251.20024125452355,178.021712907117,256.0193003618818,156.4776839565742,264.24004825090475,131.53196622436673,271.6103739445115,110.55488540410133,277.5633293124246,85.89264173703258,280.68154402895055,65.48250904704463,269.3425814234017,64.91556091676719,260.83835946924006,94.68033775633293,251.20024125452355,126.145958986731,244.1133896260555,148.8238841978287,237.5934861278649,172.3522316043426]],"bbox":[232.49095295536793,64.91556091676719,48.190591073582624,131.53196622436673],"area":1871.3665220788616},{"id":4,"iscrowd":0,"image_id":4,"category_id":1,"segmentation":[[307.7804583835947,155.24728588661037,303.437876960193,170.4463208685163,330.5790108564536,170.4463208685163,377.2617611580217,171.5319662243667,433.7153196622437,172.61761158021713,504.2822677925211,172.61761158021713,556.3932448733414,173.70325693606756,610.6755126658625,173.70325693606756,642.1592279855247,173.70325693606756,641.0735826296743,157.41857659831123,591.1338962605549,155.24728588661037,559.6501809408926,155.24728588661037,510.79613992762364,154.16164053075997,456.51387213510253,153.07599517490954,398.9746682750302,153.07599517490954,346.8636911942099,151.9903498190591]],"bbox":[303.437876960193,151.9903498190591,338.72135102533167,21.712907117008456],"area":6186.017714309827},{"id":5,"iscrowd":0,"image_id":4,"category_id":1,"segmentation":[[251.32689987937275,332.2074788902292,243.72738238841978,357.1773220747889,279.5536791314837,359.34861278648975,334.92159227985525,359.34861278648975,383.77563329312426,360.4342581423402,426.11580217129074,359.34861278648975,491.25452352231605,363.6911942098914,556.3932448733414,362.60554885404105,616.1037394451146,363.6911942098914,680.1568154402895,363.6911942098914,697.5271411338963,363.6911942098914,691.0132689987937,343.0639324487334,688.8419782870928,336.55006031363087,668.2147165259348,334.37876960193006,624.788902291918,333.2931242460796,578.1061519903499,332.2074788902292,545.5367913148372,331.12183353437877,507.5392038600724,327.86489746682753,452.17129071170086,327.86489746682753,403.31724969843185,326.7792521109771,352.29191797346203,325.69360675512667,298.0096501809409,328.9505428226779,242.64173703256935,330.03618817852833,251.32689987937275,326.7792521109771]],"bbox":[242.64173703256935,325.69360675512667,454.8854041013269,37.997587454764755],"area":14171.207771364043},{"id":6,"iscrowd":0,"image_id":4,"category_id":1,"segmentation":[[229.6139927623643,716.5259348612786,230.69963811821472,678.5283474065138,303.437876960193,680.6996381182147,402.2316043425814,678.5283474065138,489.0832328106152,683.956574185766,577.0205066344994,681.7852834740652,674.7285886610374,683.956574185766,780.0361881785284,685.0422195416164,793.0639324487335,723.0398069963812,729.0108564535585,724.1254523522316,569.4209891435464,720.8685162846804,454.34258142340167,719.7828709288299,364.23401688781667,714.3546441495778,224.1857659831122,716.5259348612786]],"bbox":[224.1857659831122,678.5283474065138,568.8781664656212,45.597104945717774],"area":20938.877337062237},{"id":7,"iscrowd":0,"image_id":5,"category_id":1,"segmentation":[[1189.0909090909092,705.9740259740261,1201.5584415584417,589.0909090909091,1210.909090909091,465.974025974026,1224.935064935065,246.23376623376623,1320,241.55844155844156,1407.2727272727273,243.11688311688312,1402.5974025974026,349.0909090909091,1388.5714285714287,484.6753246753247,1380.7792207792209,649.8701298701299,1372.987012987013,721.5584415584416,1315.3246753246754,721.5584415584416,1257.6623376623377,720]],"bbox":[1189.0909090909092,241.55844155844156,218.18181818181802,480],"area":86718.16495193107},{"id":8,"iscrowd":0,"image_id":6,"category_id":1,"segmentation":[[317.04545454545456,392.4107142857144,298.78246753246754,426.0146103896105,290.74675324675326,443.547077922078,336.0389610389611,442.8165584415585,378.40909090909093,441.35551948051955,437.58116883116884,436.97240259740266,438.31168831168833,403.3685064935066,439.0422077922078,381.45292207792215]],"bbox":[290.74675324675326,381.45292207792215,148.29545454545456,62.094155844155864],"area":7212.130655464662},{"id":9,"iscrowd":0,"image_id":6,"category_id":1,"segmentation":[[468.9935064935065,384.37500000000006,547.8896103896104,382.91396103896113,547.8896103896104,382.91396103896113,602.6785714285714,380.72240259740266,634.0909090909091,427.47564935064946,569.0746753246754,428.9366883116884,496.7532467532468,434.05032467532476]],"bbox":[468.9935064935065,380.72240259740266,165.0974025974026,53.327922077922096],"area":6525.045064513409},{"id":10,"iscrowd":0,"image_id":7,"category_id":1,"segmentation":[[635.9981905910736,358.17249698431846,1090.9740651387212,170.37394451145957,1468.5072376357057,813.1483715319662,976.7460796139927,1031.9240048250904,639.8703256936067,369.78890229191796]],"bbox":[635.9981905910736,170.37394451145957,832.5090470446321,861.5500603136309],"area":385284.30301379005},{"id":11,"iscrowd":0,"image_id":8,"category_id":1,"segmentation":[[157.0909090909091,1868.051948051948,633.3506493506493,2042.5974025974028,1737.9740259740258,1506.4935064935066,1468.6753246753246,1312.0000000000002,1174.4415584415585,1441.662337662338,835.3246753246754,1581.2987012987014,486.23376623376623,1723.4285714285716]],"bbox":[157.0909090909091,1312.0000000000002,1580.8831168831168,730.5974025974026],"area":426379.5068308314},{"id":12,"iscrowd":0,"image_id":9,"category_id":1,"segmentation":[[145.07438681141934,556.4937675914755,210.05227181342977,594.4511459589866,382.46883795737824,524.9698431845595,329.7145154804985,481.86570164857244]],"bbox":[145.07438681141934,481.86570164857244,237.3944511459589,112.58544431041412],"area":11477.468117686025},{"id":13,"iscrowd":0,"image_id":10,"category_id":1,"segmentation":[[190.07840772014475,118.0940892641737,283.6248492159228,89.56574185765983,314.1435464414958,131.36308805790108,209.31845597104945,187.09288299155608,187.4246079613993,123.40168878166466,187.4246079613993,121.41133896260556]],"bbox":[187.4246079613993,89.56574185765983,126.71893848009651,97.52714113389625],"area":6688.099589518087},{"id":14,"iscrowd":0,"image_id":11,"category_id":1,"segmentation":[[84.44028950542827,177.64294330518692,91.79493365500606,155.01326899879368,203.8118214716526,174.81423401688778,297.1592279855247,192.35223160434253,376.36308805790105,207.06151990349815,445.94933655006025,218.9420989143546,511.0096501809408,229.12545235223155,582.2931242460795,242.7032569360675,616.2376357056694,251.18938480096494,612.8431845597104,280.6079613992762,534.7708082026537,269.29312424607957,440.8576598311218,252.88661037394445,362.21954161640525,239.3088057901085,295.46200241254525,222.9022919179734,217.38962605548855,205.36429433051865,151.76357056694815,194.61519903498186,81.6115802171291,178.77442702050658]],"bbox":[81.6115802171291,155.01326899879368,534.6260554885403,125.5946924004825],"area":16856.4826982092},{"id":15,"iscrowd":0,"image_id":12,"category_id":1,"segmentation":[[152.10389610389612,292.98701298701303,152.93506493506496,450.0779220779221,559.3766233766235,452.5714285714286,547.7402597402598,297.974025974026]],"bbox":[152.10389610389612,292.98701298701303,407.27272727272737,159.58441558441558],"area":62476.26243885985},{"id":16,"iscrowd":0,"image_id":13,"category_id":1,"segmentation":[[168.46753246753246,1042.7272727272727,183.11688311688312,1372.3376623376626,1145.090909090909,1311.2987012987014,1137.7662337662337,896.2337662337662]],"bbox":[168.46753246753246,896.2337662337662,976.6233766233765,476.1038961038963],"area":360682.8672626077},{"id":17,"iscrowd":0,"image_id":14,"category_id":1,"segmentation":[[322.97647768395666,960.4632086851627,262.94752714113395,1496.1061519903496,729.326296743064,1560.7527141133894,1588.2020506634499,1576.9143546441494,1872.1851628468032,1593.0759951749094,1872.1851628468032,999.7129071170084,1451.9825090470445,1101.3003618817852,336.829312424608,962.7720144752714]],"bbox":[262.94752714113395,960.4632086851627,1609.2376357056692,632.6127864897467],"area":831014.0854780197},{"id":18,"iscrowd":0,"image_id":15,"category_id":1,"segmentation":[[574.5454545454545,379.2207792207792,628.5714285714286,348.05194805194805,719.9999999999999,442.59740259740255,799.9999999999999,515.3246753246752,893.5064935064934,617.1428571428571,842.5974025974025,633.7662337662337,822.8571428571428,635.8441558441558,694.0259740259739,504.9350649350649]],"bbox":[574.5454545454545,348.05194805194805,318.96103896103887,287.79220779220776],"area":23623.005565862724},{"id":19,"iscrowd":0,"image_id":15,"category_id":1,"segmentation":[[316.8831168831168,101.81818181818181,367.79220779220776,74.8051948051948,473.7662337662337,184.93506493506493,414.5454545454545,200.5194805194805]],"bbox":[316.8831168831168,74.8051948051948,156.88311688311688,125.71428571428571],"area":7918.232416933711},{"id":20,"iscrowd":0,"image_id":15,"category_id":1,"segmentation":[[913.2467532467532,584.9350649350649,932.9870129870129,625.4545454545454,1063.8961038961038,614.0259740259739,1174.025974025974,607.7922077922077,1268.5714285714284,597.4025974025974,1256.103896103896,556.8831168831168,1185.4545454545453,564.1558441558441,1101.2987012987012,570.3896103896103,990.12987012987,577.6623376623376]],"bbox":[913.2467532467532,556.8831168831168,355.32467532467524,68.57142857142856],"area":14287.46837578005},{"id":21,"iscrowd":0,"image_id":16,"category_id":1,"segmentation":[[108.62846803377566,234.03015681544028,199.73944511459592,214.37876960193003,265.8395657418577,275.1194209891435,394.46682750301574,382.3088057901086,508.8021712907117,480.5657418576598,646.3618817852835,587.7551266586248,791.0675512665863,714.5958986731001,957.211097708082,850.3691194209891,1153.7249698431845,1011.1531966224367,1334.1604342581422,1168.3642943305188,1496.7310012062726,1304.1375150784077,1559.258142340169,1363.0916767189385,1475.2931242460795,1438.124246079614,1419.9119420989143,1481,1076.9059107358262,1179.0832328106153,857.167671893848,959.3449939686369,582.0482509047044,680.6525934861279,414.118214716526,509.1495778045838,281.91797346200246,385.8817852834741,174.72858866103743,298.3437876960193]],"bbox":[108.62846803377566,214.37876960193003,1450.6296743063933,1266.6212303980699],"area":238689.3134548144},{"id":22,"iscrowd":0,"image_id":16,"category_id":1,"segmentation":[[274.7720144752714,225.09770808202654,367.66948130277444,244.7490952955368,508.8021712907117,271.546441495778,641.0024125452353,300.13027744270204,807.145958986731,328.71411338962605,966.1435464414957,364.44390832328105,1098.3437876960193,385.8817852834741,1228.75753920386,418.0386007237636,1293.071170084439,432.33051869722556,1250.195416164053,375.16284680337753,1143.006031363088,357.29794933655006,1003.6598311218335,328.71411338962605,873.2460796139928,309.0627261761158,685.6646562123041,262.6139927623643,555.2509047044632,241.1761158021713,396.25331724969845,212.59227985524728,287.2774427020507,189.36791314837154]],"bbox":[274.7720144752714,189.36791314837154,1018.2991556091677,242.96260554885401],"area":39765.062590124864},{"id":23,"iscrowd":0,"image_id":16,"category_id":1,"segmentation":[[1226.9710494571773,348.3655006031363,1302.0036188178528,330.5006031363088,1196.6007237635704,232.24366706875753,1076.9059107358262,125.05428226779252,1021.524728588661,144.70566948130278,1109.0627261761158,234.03015681544028]],"bbox":[1021.524728588661,125.05428226779252,280.47889022919185,223.31121833534377],"area":17869.463898399554},{"id":24,"iscrowd":0,"image_id":16,"category_id":1,"segmentation":[[1109.0627261761158,121.48130277442702,1094.7708082026538,98.25693606755127,1141.2195416164052,92.89746682750301,1212.6791314837153,82.17852834740651,1337.7334137515077,58.95416164053076,1453.8552472858864,46.448733413751505,1584.2689987937274,23.224366706875752,1586.0554885404101,44.66224366706876,1484.2255729794933,60.74065138721351,1380.6091676718938,75.03256936067551,1289.4981905910736,89.32448733413752,1144.7925211097706,121.48130277442702]],"bbox":[1094.7708082026538,23.224366706875752,491.2846803377563,98.25693606755127],"area":10808.1692252063},{"id":25,"iscrowd":0,"image_id":17,"category_id":1,"segmentation":[[280.15681544028945,1111.037394451146,345.3920386007237,1147.7322074788904,412.66586248492155,1188.5042219541617,551.2907117008443,1145.6936067551267,791.8455971049457,1035.6091676718938,691.9541616405307,980.5669481302774,653.2207478890228,958.1423401688781,567.5995174909528,1007.0687575392038,461.5922798552472,1043.7635705669481,341.31483715319655,1090.6513872135104]],"bbox":[280.15681544028945,958.1423401688781,511.68878166465623,230.36188178528357],"area":49644.21876750662},{"id":26,"iscrowd":0,"image_id":18,"category_id":1,"segmentation":[[61.085645355850424,407.04463208685166,92.93124246079614,412.2557297949337,132.30398069963812,419.20386007237636,173.41375150784077,428.46803377563333,223.20868516284682,438.3112183353438,233.0518697225573,444.68033775633296,255.05428226779253,436.57418576598315,290.95295536791315,416.3088057901086,324.53558504221957,396.6224366706876,276.4776839565742,379.25211097708086,232.47285886610376,369.9879372738239,190.20506634499398,359.5657418576599,171.67671893848012,353.77563329312426,142.7261761158022,371.72496984318457,90.03618817852835,392.5693606755127]],"bbox":[61.085645355850424,353.77563329312426,263.44993968636913,90.9047044632087],"area":12050.689641624993},{"id":27,"iscrowd":0,"image_id":19,"category_id":1,"segmentation":[[3.896103896103896,333.83116883116884,28.57142857142857,362.4025974025974,49.35064935064935,380.5844155844156,94.8051948051948,358.50649350649354,136.36363636363637,319.54545454545456,154.54545454545453,288.3766233766234,105.1948051948052,255.90909090909093,66.23376623376623,297.46753246753246]],"bbox":[3.896103896103896,255.90909090909093,150.64935064935062,124.67532467532465],"area":8835.385393826951},{"id":28,"iscrowd":0,"image_id":19,"category_id":1,"segmentation":[[174.02597402597402,385.7792207792208,223.37662337662337,410.45454545454544,254.54545454545453,428.6363636363636,314.2857142857143,387.0779220779221,283.1168831168831,367.5974025974026,244.15584415584416,348.1168831168831,183.11688311688312,385.7792207792208,177.92207792207793,393.57142857142856]],"bbox":[174.02597402597402,348.1168831168831,140.25974025974025,80.51948051948051],"area":5445.269016697586},{"id":29,"iscrowd":0,"image_id":19,"category_id":1,"segmentation":[[379.2207792207792,366.2987012987013,485.7142857142857,319.54545454545456,528.5714285714286,352.012987012987,432.46753246753246,405.2597402597403]],"bbox":[379.2207792207792,319.54545454545456,149.35064935064935,85.71428571428572],"area":6020.408163265307},{"id":30,"iscrowd":0,"image_id":19,"category_id":1,"segmentation":[[862.3376623376623,354.61038961038963,974.025974025974,290.974025974026,1022.077922077922,331.23376623376623,915.5844155844155,390.974025974026]],"bbox":[862.3376623376623,290.974025974026,159.74025974025972,100],"area":7303.929836397372},{"id":31,"iscrowd":0,"image_id":19,"category_id":1,"segmentation":[[1070.1298701298701,353.31168831168833,1154.5454545454545,320.84415584415586,1192.2077922077922,363.7012987012987,1133.7662337662337,396.16883116883116]],"bbox":[1070.1298701298701,320.84415584415586,122.07792207792204,75.3246753246753],"area":4705.683926463134},{"id":32,"iscrowd":0,"image_id":20,"category_id":1,"segmentation":[[57.41857659831122,343.5464414957781,302.5331724969843,349.33655006031364,308.32328106151994,462.24366706875753,51.62846803377563,462.24366706875753]],"bbox":[51.62846803377563,343.5464414957781,256.6948130277443,118.69722557297945],"area":29055.30956389388},{"id":33,"iscrowd":0,"image_id":20,"category_id":1,"segmentation":[[67.06875753920386,112.9071170084439,147.16525934861278,110.97708082026539,138.4800965018094,313.63088057901086,61.27864897466828,309.7708082026538,63.208685162846805,117.73220747889023]],"bbox":[61.27864897466828,110.97708082026539,85.8866103739445,202.6537997587455],"area":16083.79011147473},{"id":34,"iscrowd":0,"image_id":20,"category_id":1,"segmentation":[[503.2569360675513,663.9324487334138,598.7937273823884,670.6875753920386,649.9396863691194,480.5790108564536,563.0880579010857,473.8238841978287]],"bbox":[503.2569360675513,473.8238841978287,146.6827503015681,196.86369119420993],"area":17711.632454990293},{"id":35,"iscrowd":0,"image_id":20,"category_id":1,"segmentation":[[335.3437876960193,482.5090470446321,334.37876960193006,580.940892641737,480.09650180940895,591.556091676719,483.956574185766,496.98431845597105]],"bbox":[334.37876960193006,482.5090470446321,149.57780458383593,109.04704463208691],"area":14231.979756737448},{"id":36,"iscrowd":0,"image_id":20,"category_id":1,"segmentation":[[55.48854041013269,604.1013268998794,62.24366706875754,702.5331724969843,294.8130277442702,701.5681544028951,290.95295536791315,601.2062726176116]],"bbox":[55.48854041013269,601.2062726176116,239.3244873341375,101.32689987937272],"area":23270.788558889817},{"id":37,"iscrowd":0,"image_id":20,"category_id":1,"segmentation":[[324.7285886610374,604.1013268998794,322.7985524728589,696.7430639324488,496.5018094089264,710.2533172496984,488.78166465621234,616.6465621230399]],"bbox":[322.7985524728589,604.1013268998794,173.70325693606753,106.15199034981902],"area":15688.935904580769},{"id":38,"iscrowd":0,"image_id":21,"category_id":1,"segmentation":[[330.6694813027744,586.248492159228,340.16887816646556,816.9481302774427,777.1411338962605,808.8057901085646,773.0699638118215,603.8902291917974]],"bbox":[330.6694813027744,586.248492159228,446.4716525934861,230.6996381182147],"area":95734.80454818613},{"id":39,"iscrowd":0,"image_id":22,"category_id":1,"segmentation":[[30.032467532467532,151.25487012987014,44.23701298701299,145.97889610389612,79.9512987012987,178.04058441558442,116.47727272727272,210.50811688311688,146.91558441558442,240.94642857142858,127.02922077922078,248.25162337662337,105.11363636363636,223.49512987012986,80.76298701298701,198.3327922077922,59.25324675324675,179.25811688311688,42.61363636363636,161.8068181818182]],"bbox":[30.032467532467532,145.97889610389612,116.88311688311688,102.27272727272725],"area":2173.3415731995274},{"id":40,"iscrowd":0,"image_id":22,"category_id":1,"segmentation":[[156.65584415584416,241.75811688311688,159.0909090909091,248.65746753246754,184.25324675324674,244.59902597402598,217.12662337662337,238.1055194805195,257.3051948051948,231.20616883116884,300.3246753246753,225.52435064935065,329.54545454545456,219.84253246753246,360.38961038961037,214.16071428571428,400.1623376623377,208.88474025974025,435.06493506493507,201.9853896103896,461.85064935064935,197.11525974025975,478.4902597402597,193.46266233766235,471.18506493506493,187.375,449.67532467532465,190.62175324675326,432.22402597402595,193.46266233766235,410.30844155844153,197.5211038961039,384.7402597402597,200.76785714285714,362.8246753246753,204.8262987012987,337.2564935064935,209.29058441558442,301.94805194805195,215.37824675324674,263.39285714285717,221.87175324675326,226.86688311688312,227.55357142857142,194.39935064935065,231.20616883116884]],"bbox":[156.65584415584416,187.375,321.8344155844155,61.282467532467535],"area":2937.5112002445635},{"id":41,"iscrowd":0,"image_id":22,"category_id":1,"segmentation":[[45.725108225108215,141.6915584415584,45.725108225108215,136.82142857142856,77.11038961038959,132.49242424242422,119.85930735930734,128.1634199134199,164.2316017316017,121.94047619047616,208.87445887445884,117.0703463203463,241.61255411255405,112.74134199134197,277.3268398268398,110.03571428571426,302.2186147186147,107.60064935064933,303.3008658008657,113.2824675324675,261.6341991341991,117.34090909090907,206.16883116883113,122.75216450216448,152.3268398268398,131.13961038961037,107.68398268398266,136.280303030303,77.65151515151514,138.71536796536793]],"bbox":[45.725108225108215,107.60064935064933,257.5757575757575,34.09090909090908],"area":1623.1936128445852},{"id":42,"iscrowd":0,"image_id":23,"category_id":1,"segmentation":[[355.1363636363637,290.8863636363636,387.04545454545456,328.70454545454544,464.4545454545455,296.79545454545456,614.5454545454546,235.9318181818182,589.7272727272727,197.52272727272728,538.3181818181819,212.29545454545456,469.7727272727273,244.20454545454547,404.7727272727273,269.6136363636364]],"bbox":[355.1363636363637,197.52272727272728,259.40909090909093,131.18181818181816],"area":11905.59607438016},{"id":43,"iscrowd":0,"image_id":24,"category_id":1,"segmentation":[[81.84921592279855,800.9650180940891,335.1664656212304,784.077201447527,389.4487334137515,124.24607961399275,113.21230398069964,148.37153196622435]],"bbox":[81.84921592279855,124.24607961399275,307.59951749095296,676.7189384800964],"area":172871.6709276658},{"id":44,"iscrowd":0,"image_id":25,"category_id":1,"segmentation":[[74.78890229191798,542.3401688781665,272.61761158021716,570.3256936067552,390.34981905910735,123.52231604342582,185.76598311218336,103.25693606755127]],"bbox":[74.78890229191798,103.25693606755127,315.5609167671894,467.06875753920394],"area":91881.8289362829},{"id":45,"iscrowd":0,"image_id":26,"category_id":1,"segmentation":[[173.16043425814235,618.8178528347406,173.16043425814235,642.70205066345,281.72496984318457,645.9589867310012,407.6598311218335,644.8733413751507,566.1640530759952,652.4728588661037,737.6960193003619,655.7297949336551,848.4318455971049,656.8154402895054,841.9179734620025,623.1604342581423,597.6477683956574,630.7599517490953,422.85886610373944,622.074788902292]],"bbox":[173.16043425814235,618.8178528347406,675.2714113389626,37.99758745476481],"area":17189.66854422247},{"id":46,"iscrowd":0,"image_id":26,"category_id":1,"segmentation":[[173.16043425814235,387.57539203860074,184.01688781664657,366.9481302774427,245.89867310012062,370.20506634499395,331.664656212304,373.46200241254525,410.9167671893848,376.7189384800965,485.82629674306395,373.46200241254525,588.9626055488541,374.5476477683957,671.4716525934862,375.6332931242461,743.124246079614,376.7189384800965,747.4668275030157,409.2882991556092,649.7587454764777,402.77442702050666,548.7937273823884,403.86007237635704,445.65741857659833,401.68878166465623,339.2641737032569,399.51749095295537,267.6115802171291,397.3462002412545]],"bbox":[173.16043425814235,366.9481302774427,574.3063932448733,42.34016887816648],"area":15371.048875139873},{"id":47,"iscrowd":0,"image_id":27,"category_id":1,"segmentation":[[434.99155609167667,1048.7623642943306,475.98552472858864,1089.7563329312425,573.3462002412545,1158.0796139927625,713.4089264173703,1057.3027744270205,588.7189384800964,1018.0168878166467,516.9794933655006,988.9794933655006]],"bbox":[434.99155609167667,988.9794933655006,278.4173703256936,169.10012062726184],"area":23493.524746049774},{"id":48,"iscrowd":0,"image_id":28,"category_id":1,"segmentation":[[79.99999999999999,388.57142857142856,116.36363636363635,374.025974025974,370.9090909090909,612.9870129870129,324.15584415584414,631.6883116883116]],"bbox":[79.99999999999999,374.025974025974,290.9090909090909,257.6623376623376],"area":14162.253331084503},{"id":49,"iscrowd":0,"image_id":29,"category_id":1,"segmentation":[[59.36688311688312,291.75811688311694,59.36688311688312,391.9074675324676,275.66883116883116,374.8717532467533,273.0876623376624,273.17370129870136]],"bbox":[59.36688311688312,273.17370129870136,216.30194805194805,118.73376623376623],"area":21722.728031708557},{"id":50,"iscrowd":0,"image_id":30,"category_id":1,"segmentation":[[758.961038961039,490.90909090909093,1140.7792207792209,612.4675324675325,1257.6623376623377,258.7012987012987,1033.2467532467533,151.1688311688312]],"bbox":[758.961038961039,151.1688311688312,498.7012987012987,461.2987012987013],"area":127510.0691516275},{"id":51,"iscrowd":0,"image_id":31,"category_id":1,"segmentation":[[89.11338962605548,193.6067551266586,124.0952955367913,188.78166465621229,151.53799758745475,185.76598311218333,172.9493365500603,203.55850422195414,206.72496984318454,234.62002412545232,168.42581423401688,237.93727382388417,133.44390832328105,242.4607961399276,110.22316043425813,215.31966224366704]],"bbox":[89.11338962605548,185.76598311218333,117.61158021712906,56.69481302774426],"area":3687.571026757715},{"id":52,"iscrowd":0,"image_id":32,"category_id":1,"segmentation":[[1816.5714285714284,1401.2857142857142,1659.4285714285713,1171.857142857143,1590.2857142857142,1055.5714285714287,1879.4285714285713,929.8571428571429,2247.142857142857,794.7142857142858,2438.8571428571427,999,2259.714285714286,1118.4285714285713,2036.5714285714284,1266.142857142857]],"bbox":[1590.2857142857142,794.7142857142858,848.5714285714284,606.5714285714284],"area":252257.83673469373},{"id":53,"iscrowd":0,"image_id":33,"category_id":1,"segmentation":[[183.0820265379976,401.4475271411339,179.16164053075994,461.03739445114593,304.61399276236426,494.75271411338963,449.6682750301568,476.7189384800965,448.10012062726173,417.12907117008444]],"bbox":[179.16164053075994,401.4475271411339,270.50663449939685,93.30518697225574],"area":19550.832604573938},{"id":54,"iscrowd":0,"image_id":33,"category_id":1,"segmentation":[[247.37635705669481,508.8661037394451,248.94451145958988,573.9445114595899,460.64535585042216,573.1604342581423,461.4294330518697,504.16164053075994]],"bbox":[247.37635705669481,504.16164053075994,214.05307599517488,69.78287092882994],"area":14272.049397518484},{"id":55,"iscrowd":0,"image_id":33,"category_id":1,"segmentation":[[170.53679131483716,235.22316043425815,168.18455971049457,306.5741857659831,449.6682750301568,299.51749095295537,449.6682750301568,212.48492159227985,174.45717732207478,232.08685162846803]],"bbox":[168.18455971049457,212.48492159227985,281.4837153196622,94.08926417370324],"area":22573.691397922994},{"id":56,"iscrowd":0,"image_id":34,"category_id":1,"segmentation":[[225.2435064935065,150.84902597402598,247.9707792207792,139.89123376623377,276.37987012987014,163.83603896103895,318.1818181818182,203.20292207792207,341.7207792207792,232.4237012987013,312.5,242.56980519480518,280.84415584415586,208.07305194805195,250.8116883116883,173.5762987012987]],"bbox":[225.2435064935065,139.89123376623377,116.47727272727272,102.67857142857142],"area":3534.253642055999},{"id":57,"iscrowd":0,"image_id":34,"category_id":1,"segmentation":[[351.0551948051948,231.61201298701297,355.92532467532465,248.25162337662337,397.72727272727275,242.16396103896105,443.9935064935065,237.69967532467533,499.59415584415586,231.20616883116884,495.9415584415584,215.7840909090909,466.7207792207792,217.40746753246754,428.97727272727275,220.6542207792208,390.8279220779221,224.71266233766235,346.99675324675326,234.45292207792207]],"bbox":[346.99675324675326,215.7840909090909,152.5974025974026,32.467532467532465],"area":2530.3493685697417},{"id":58,"iscrowd":0,"image_id":35,"category_id":1,"segmentation":[[87.33413751507841,565.5006031363088,141.3751507840772,585.7659831121833,211.8214716525935,610.8564535585042,250.42219541616407,586.7310012062726,329.5536791314837,509.5295536791315,274.5476477683957,488.2991556091677,227.26176115802173,468.9987937273824,184.8009650180941,506.6344993968637,136.5500603136309,540.4101326899879]],"bbox":[87.33413751507841,468.9987937273824,242.2195416164053,141.8576598311218],"area":16480.506838212495},{"id":59,"iscrowd":0,"image_id":36,"category_id":1,"segmentation":[[50.180940892641686,241.73703256936068,44.3908323281061,301.08564535585043,34.258142340168824,376.357056694813,189.14354644149574,382.14716525934864,400.48250904704463,393.7273823884198,636.4294330518698,425.57297949336555,860.7961399276237,460.31363088057907,1082.2677925211099,487.8166465621231,1079.372738238842,396.6224366706876,856.453558504222,376.357056694813,591.5560916767189,340.1688781664656,222.43667068757534,282.2677925211098]],"bbox":[34.258142340168824,241.73703256936068,1048.009650180941,246.0796139927624],"area":94405.31050970477},{"id":60,"iscrowd":0,"image_id":37,"category_id":1,"segmentation":[[481.1948051948052,723.3246753246754,563.948051948052,711.0649350649351,677.3506493506494,695.7402597402597,750.909090909091,686.5454545454546,764.7012987012987,838.2597402597403,796.8831168831169,924.0779220779222,694.2077922077922,937.8701298701299,590,930.2077922077923,530.2337662337662,848.987012987013]],"bbox":[481.1948051948052,686.5454545454546,315.6883116883117,251.32467532467524],"area":55812.24860853431},{"id":61,"iscrowd":0,"image_id":38,"category_id":1,"segmentation":[[35.956574185765994,245.54885404101324,52.16887816646563,256.6948130277442,68.04342581423403,267.503015681544,98.44149577804585,257.0325693606755,137.62123039806997,226.2967430639324,120.73341375150784,213.12424607961395,104.18335343787696,197.58745476477682,86.28226779252111,215.8262967430639,63.314837153196635,230.68757539203855]],"bbox":[35.956574185765994,197.58745476477682,101.66465621230398,69.91556091676719],"area":3221.258335867621},{"id":62,"iscrowd":0,"image_id":39,"category_id":1,"segmentation":[[705.6818181818182,279.18019480519484,721.0227272727274,201.7451298701299,764.1233766233767,199.55357142857144,751.7045454545455,247.76785714285717,723.2142857142858,339.08279220779224,714.448051948052,364.65097402597405,688.1493506493507,359.5373376623377]],"bbox":[688.1493506493507,199.55357142857144,75.97402597402595,165.0974025974026],"area":5808.34141507843},{"id":63,"iscrowd":0,"image_id":40,"category_id":1,"segmentation":[[166.10373944511454,967.3100120627263,247.0446320868516,983.2328106151992,443.4258142340169,1044.2702050663452,521.7129071170085,942.0989143546443,597.3462002412546,752.3522316043427,686.248492159228,521.4716525934862,436.7913148371532,460.43425814234024,357.1773220747889,597.1049457177323,290.832328106152,778.8902291917975,168.75753920386003,960.6755126658627]],"bbox":[166.10373944511454,460.43425814234024,520.1447527141135,583.8359469240049],"area":157524.7838822189},{"id":64,"iscrowd":0,"image_id":41,"category_id":1,"segmentation":[[450.00000000000006,11.465909090909095,489.2045454545455,7.488636363636368,491.47727272727275,128.51136363636365,493.18181818181824,275.10227272727275,453.40909090909093,273.9659090909091,451.7045454545455,180.78409090909093,448.29545454545456,74.53409090909092]],"bbox":[448.29545454545456,7.488636363636368,44.88636363636368,267.6136363636364],"area":10798.360020661152},{"id":65,"iscrowd":0,"image_id":42,"category_id":1,"segmentation":[[271.7129071170084,364.29433051869717,318.75753920386006,341.37515078407716,374.8492159227985,319.05910735826296,420.0844390832328,337.15319662243667,479.1917973462002,364.89746682750297,455.6694813027744,398.6731001206272,414.6562123039807,447.52714113389624,361.5802171290711,408.9264173703257,299.45717732207476,373.9445114595898]],"bbox":[271.7129071170084,319.05910735826296,207.4788902291918,128.46803377563327],"area":12908.317460687003},{"id":66,"iscrowd":0,"image_id":43,"category_id":1,"segmentation":[[493.2448733413752,193.24487334137515,490.3498190591074,113.63088057901086,548.2509047044632,115.07840772014477,545.3558504221954,243.1845597104946,548.9746682750302,343.06393244873345,488.17852834740654,333.6550060313631]],"bbox":[488.17852834740654,113.63088057901086,60.7961399276237,229.4330518697226],"area":12517.00640677723},{"id":67,"iscrowd":0,"image_id":44,"category_id":1,"segmentation":[[411.82873376623377,586.65625,377.6193181818182,634.0231331168832,486.8262987012987,645.8648538961039,665.7678571428571,661.6538149350649,886.8133116883117,686.6530032467533,1006.5462662337662,698.4947240259742,1022.3352272727273,634.0231331168832,815.7629870129871,615.6026785714287,588.1387987012987,595.8664772727274]],"bbox":[377.6193181818182,586.65625,644.715909090909,111.83847402597416],"area":37259.52641577677},{"id":68,"iscrowd":0,"image_id":44,"category_id":1,"segmentation":[[1074.9650974025974,705.0734577922079,1090.7540584415585,649.8120941558442,1247.327922077922,664.2853084415585,1477.583603896104,684.0215097402598,1493.372564935065,736.65137987013,1334.1672077922078,724.8096590909092]],"bbox":[1074.9650974025974,649.8120941558442,418.40746753246754,86.83928571428578],"area":21634.675414936137},{"id":69,"iscrowd":0,"image_id":45,"category_id":1,"segmentation":[[166.01326899879373,417.06875753920383,166.01326899879373,480.3980699638118,272.7683956574186,554.583835946924,251.9601930036188,473.16043425814235]],"bbox":[166.01326899879373,417.06875753920383,106.75512665862485,137.51507840772013],"area":6295.826354946805},{"id":70,"iscrowd":0,"image_id":46,"category_id":1,"segmentation":[[895.1507840772014,1250.6634499396864,969.2641737032569,1145.6694813027743,1114.4028950542822,1247.5753920386007,1333.655006031363,1417.4185765983111,1271.8938480096501,1559.4692400482509,1080.4342581423402,1426.6827503015681]],"bbox":[895.1507840772014,1145.6694813027743,438.5042219541616,413.79975874547654],"area":71196.5345490156},{"id":71,"iscrowd":0,"image_id":46,"category_id":1,"segmentation":[[885.8866103739444,1948.5645355850422,864.2702050663449,2152.376357056695,1040.2895054282267,2167.816646562123,1268.8057901085645,2198.6972255729793,1435.5609167671894,2226.48974668275,1426.2967430639324,2028.854041013269,1244.1013268998793,1979.4451145958985]],"bbox":[864.2702050663449,1948.5645355850422,571.2907117008444,277.9252110977079],"area":115372.5252131348},{"id":72,"iscrowd":0,"image_id":46,"category_id":1,"segmentation":[[879.7104945717732,642.3160434258142,904.4149577804584,506.4414957780458,1228.6610373944511,574.37876960193,1188.5162846803378,704.0772014475272]],"bbox":[879.7104945717732,506.4414957780458,348.9505428226779,197.63570566948135],"area":44133.07820691727},{"id":73,"iscrowd":0,"image_id":47,"category_id":1,"segmentation":[[469.4805194805195,459.68181818181824,519.4805194805194,385.00649350649354,576.6233766233767,314.8766233766234,649.3506493506493,325.26623376623377,609.0909090909091,392.1493506493507,568.8311688311688,481.7597402597403]],"bbox":[469.4805194805195,314.8766233766234,179.8701298701298,166.88311688311688],"area":14407.783774666888},{"id":74,"iscrowd":0,"image_id":47,"category_id":1,"segmentation":[[14.935064935064934,434.3571428571429,33.76623376623377,410.3311688311689,143.5064935064935,426.5649350649351,304.54545454545456,443.448051948052,464.93506493506493,466.1753246753247,564.9350649350649,492.79870129870136,550.6493506493506,533.0000000000001,375.3246753246753,492.1493506493507,227.27272727272728,472.01948051948057,57.79220779220779,443.448051948052]],"bbox":[14.935064935064934,410.3311688311689,550,122.66883116883122],"area":20132.130207454895},{"id":75,"iscrowd":0,"image_id":48,"category_id":1,"segmentation":[[42.32147165259349,433.67913148371525,84.58926417370326,445.2593486127864,126.85705669481302,460.31363088057896,189.9692400482509,331.19420989143543,220.65681544028948,244.92159227985522,145.38540410132688,228.7092882991556,112.38178528347406,310.34981905910735]],"bbox":[42.32147165259349,228.7092882991556,178.335343787696,231.60434258142337],"area":18746.038725861818},{"id":76,"iscrowd":0,"image_id":49,"category_id":1,"segmentation":[[21.95416164053072,897.8648974668275,53.075995174909494,961.6646562123041,88.86610373944508,1034.800965018094,381.41133896260556,899.4209891435465,729.9758745476478,692.4607961399277,1134.5597104945718,480.83232810615203,1476.8998793727383,300.3256936067551,1581.1580217129072,242.7503015681544,1514.2460796139928,174.2822677925211,1371.0856453558504,239.63811821471654,1147.0084439083232,347.0084439083233,876.248492159228,485.5006031363088,631.9420989143547,614.6562123039807,410.97708082026537,712.6899879372738]],"bbox":[21.95416164053072,174.2822677925211,1559.2038600723765,860.518697225573],"area":208071.52214434237},{"id":77,"iscrowd":0,"image_id":50,"category_id":1,"segmentation":[[382.7435064935065,265.3400974025974,391.9237012987013,292.8806818181818,460.42207792207796,273.8141233766234,560.698051948052,246.9797077922078,539.5129870129871,226.5008116883117,475.95779220779224,241.33035714285714]],"bbox":[382.7435064935065,226.5008116883117,177.9545454545455,66.37987012987011],"area":4586.308623397707},{"id":78,"iscrowd":0,"image_id":50,"category_id":1,"segmentation":[[437.82467532467535,102.21509740259742,453.36038961038963,97.97808441558443,429.3506493506494,71.14366883116884,390.5113636363637,26.655032467532475,370.03246753246754,9.000811688311694,361.5584415584416,19.593344155844164,389.80519480519484,48.54626623376625]],"bbox":[361.5584415584416,9.000811688311694,91.80194805194805,93.21428571428572],"area":1721.4240913307458},{"id":79,"iscrowd":0,"image_id":50,"category_id":1,"segmentation":[[668.7418831168832,249.09821428571428,674.3912337662338,239.21185064935065,707.5811688311688,254.74756493506493,753.4821428571429,282.28814935064935,765.487012987013,294.2930194805195,764.0746753246754,299.2362012987013,711.112012987013,273.10795454545456]],"bbox":[668.7418831168832,239.21185064935065,96.74512987012986,60.02435064935065],"area":1275.858498745576},{"id":80,"iscrowd":0,"image_id":50,"category_id":1,"segmentation":[[757.7191558441559,275.93262987012986,771.8425324675326,285.1128246753247,867.1753246753248,172.1258116883117,853.7581168831169,165.0641233766234,819.1558441558442,207.43425324675326]],"bbox":[757.7191558441559,165.0641233766234,109.45616883116884,120.0487012987013],"area":2201.896893183941},{"id":81,"iscrowd":0,"image_id":50,"category_id":1,"segmentation":[[670.8603896103897,85.26704545454547,674.3912337662338,74.674512987013,748.5389610389611,101.50892857142858,869.2938311688313,141.05438311688314,862.2321428571429,153.05925324675326,808.5633116883117,136.1112012987013,749.24512987013,114.21996753246755,707.5811688311688,100.09659090909092]],"bbox":[670.8603896103897,74.674512987013,198.4334415584416,78.38474025974025],"area":2631.255567180382},{"id":82,"iscrowd":0,"image_id":51,"category_id":1,"segmentation":[[1296.6233766233768,369.1558441558442,1326.2337662337663,378.50649350649354,1329.3506493506495,322.4025974025974,1521.0389610389611,264.7402597402598,1510.1298701298701,249.15584415584416,1396.3636363636365,283.44155844155847,1307.5324675324675,309.93506493506493]],"bbox":[1296.6233766233768,249.15584415584416,224.41558441558436,129.35064935064938],"area":5277.652217911949},{"id":83,"iscrowd":0,"image_id":51,"category_id":1,"segmentation":[[1695.5844155844156,174.35064935064935,1608.3116883116884,82.40259740259741,1574.0259740259742,52.7922077922078,1586.4935064935066,43.44155844155844,1645.7142857142858,99.54545454545455,1717.4025974025974,163.44155844155844]],"bbox":[1574.0259740259742,43.44155844155844,143.37662337662323,130.9090909090909],"area":2946.0617304773623},{"id":84,"iscrowd":0,"image_id":52,"category_id":1,"segmentation":[[55.04704463208685,338.0940892641737,95.88178528347406,356.9746682750302,158.23160434258142,302.08926417370327,203.8962605548854,259.4981905910736,159.10977080820265,251.1556091676719,123.54402895054282,284.0868516284681,58.12062726176116,338.0940892641737]],"bbox":[55.04704463208685,251.1556091676719,148.84921592279855,105.81905910735827],"area":5214.983611280463},{"id":85,"iscrowd":0,"image_id":53,"category_id":1,"segmentation":[[143.5946924004825,227.98552472858867,141.42340168878167,239.71049457177324,234.78890229191796,240.1447527141134,326.85162846803377,243.1845597104946,325.54885404101327,225.37997587454765,279.0832328106152,227.55126658624852]],"bbox":[141.42340168878167,225.37997587454765,185.4282267792521,17.804583835946943],"area":2453.4275457954336},{"id":86,"iscrowd":0,"image_id":54,"category_id":1,"segmentation":[[259.3344155844156,575.771103896104,315.5844155844156,577.232142857143,370.37337662337666,389.48863636363643,331.6558441558442,388.0275974025975,309.0097402597403,450.1217532467533]],"bbox":[259.3344155844156,388.0275974025975,111.03896103896108,189.2045454545455],"area":8888.08583867431},{"id":87,"iscrowd":0,"image_id":55,"category_id":1,"segmentation":[[182.67857142857144,366.2808441558442,252.62987012987014,386.41071428571433,327.11038961038963,328.5373376623377,251.62337662337663,300.3555194805195]],"bbox":[182.67857142857144,300.3555194805195,144.4318181818182,86.05519480519484],"area":6233.548421951426},{"id":88,"iscrowd":0,"image_id":56,"category_id":1,"segmentation":[[126.80940892641738,314.25814234016883,139.0410132689988,318.021712907117,148.44993968636913,211.70084439083232,153.6248492159228,133.1363088057901,146.09770808202654,128.90229191797346,139.98190591073583,164.18576598311216,133.3956574185766,210.75995174909528,129.16164053075997,258.74547647768395]],"bbox":[126.80940892641738,128.90229191797346,26.815440289505432,189.11942098914352],"area":2466.165871943026},{"id":89,"iscrowd":0,"image_id":57,"category_id":1,"segmentation":[[41.49577804583831,445.83835946924006,37.15319662243662,606.5138721351026,291.91797346200235,632.5693606755127,569.8431845597105,638.3594692400483,565.5006031363088,467.5512665862485,325.211097708082,451.6284680337757]],"bbox":[37.15319662243662,445.83835946924006,532.6899879372738,192.5211097708082],"area":92015.58114256864},{"id":90,"iscrowd":0,"image_id":58,"category_id":1,"segmentation":[[142.94933655006028,743.5705669481304,141.76718938480093,779.0349819059109,142.94933655006028,826.3208685162848,241.06755126658624,840.5066344993969,412.4788902291918,820.410132689988,400.6574185765983,740.0241254523523]],"bbox":[141.76718938480093,740.0241254523523,270.71170084439086,100.48250904704457],"area":23781.478404227917},{"id":91,"iscrowd":0,"image_id":59,"category_id":1,"segmentation":[[459.72727272727275,403.1590909090909,476.2727272727273,386.6136363636364,453.81818181818187,367.1136363636364,398.8636363636364,335.20454545454544,348.04545454545456,303.2954545454545,304.90909090909093,280.8409090909091,270.6363636363636,260.15909090909093,244.63636363636365,238.29545454545456,238.13636363636365,250.11363636363637,270.6363636363636,273.15909090909093,307.2727272727273,303.2954545454545,358.6818181818182,338.75,404.1818181818182,364.75]],"bbox":[238.13636363636365,238.29545454545456,238.13636363636365,164.86363636363632],"area":5510.831611570249},{"id":92,"iscrowd":0,"image_id":60,"category_id":1,"segmentation":[[15.340909090909092,294.5211038961039,25.56818181818182,253.61201298701303,132.22402597402598,266.0308441558442,308.2792207792208,288.6769480519481,308.2792207792208,288.6769480519481,490.17857142857144,309.86201298701303,578.5714285714286,325.2029220779221,565.422077922078,379.26136363636374,442.6948051948052,360.26785714285717,296.5909090909091,338.35227272727275,103.73376623376625,309.13149350649354,20.454545454545457,292.3295454545455,15.340909090909092,298.17370129870136]],"bbox":[15.340909090909092,253.61201298701303,563.2305194805194,125.64935064935071],"area":28189.187283901167},{"id":93,"iscrowd":0,"image_id":60,"category_id":1,"segmentation":[[573.4577922077923,445.00811688311694,589.5292207792209,382.91396103896113,650.8928571428572,416.5178571428572,621.672077922078,470.5762987012988]],"bbox":[573.4577922077923,382.91396103896113,77.43506493506493,87.66233766233768],"area":3851.948579018379},{"id":94,"iscrowd":0,"image_id":61,"category_id":1,"segmentation":[[187.77563329312423,475.3317249698432,206.61761158021713,475.3317249698432,210.89987937273824,559.2641737032569,194.62726176115802,557.5512665862485,192.05790108564534,471.0494571773221]],"bbox":[187.77563329312423,471.0494571773221,23.12424607961401,88.21471652593482],"area":1263.1088657399632},{"id":95,"iscrowd":0,"image_id":61,"category_id":1,"segmentation":[[200.62243667068756,251.79734620024126,235.73703256936068,263.78769601930037,269.1387213510253,214.1133896260555,242.58866103739444,202.1230398069964]],"bbox":[200.62243667068756,202.1230398069964,68.51628468033775,61.66465621230398],"area":1983.4183350527696},{"id":96,"iscrowd":0,"image_id":61,"category_id":1,"segmentation":[[370.2002412545235,245.80217129071173,398.46320868516284,256.0796139927624,431.86489746682753,199.55367913148373,458.41495778045834,156.73100120627262,428.4390832328106,151.59227985524728]],"bbox":[370.2002412545235,151.59227985524728,88.21471652593482,104.48733413751512],"area":3238.458561116115},{"id":97,"iscrowd":0,"image_id":61,"category_id":1,"segmentation":[[95.27864897466826,255.22316043425815,120.97225572979492,269.78287092882994,161.22557297949336,225.2472858866104,137.24487334137515,211.54402895054284]],"bbox":[95.27864897466826,211.54402895054284,65.9469240048251,58.2388419782871],"area":1676.4432709922737},{"id":98,"iscrowd":0,"image_id":61,"category_id":1,"segmentation":[[252.0096501809409,266.357056694813,281.98552472858864,273.2086851628468,319.66948130277444,226.96019300361883,287.124246079614,216.68275030156818]],"bbox":[252.0096501809409,216.68275030156818,67.65983112183355,56.525934861278614],"area":1811.0428510522484},{"id":99,"iscrowd":0,"image_id":62,"category_id":1,"segmentation":[[63.12484921592283,525.9348612786489,215.1151990349819,559.7104945717732,437.06936067551266,632.086851628468,674.705066344994,162.8468033775633,334.53618817852833,43.42581423401688]],"bbox":[63.12484921592283,43.42581423401688,611.5802171290711,588.6610373944511],"area":196869.0750406335},{"id":100,"iscrowd":0,"image_id":63,"category_id":1,"segmentation":[[262.98612786489747,544.5729794933654,280.3552472858866,480.20506634499395,316.1151990349819,478.1616405307599,304.8763570566948,533.3341375150784,295.68094089264173,591.5717732207478,269.1164053075995,694.7647768395657,229.26960193003617,691.6996381182147]],"bbox":[229.26960193003617,478.1616405307599,86.84559710494574,216.6031363088058],"area":8687.83498437957},{"id":101,"iscrowd":0,"image_id":63,"category_id":1,"segmentation":[[282.3986731001206,700.8950542822678,280.3552472858866,728.4813027744269,379.4613992762364,730.524728588661,526.5880579010856,727.45958986731,633.8679131483715,728.4813027744269,763.6254523522316,731.546441495778,857.6230398069963,729.503015681544,853.5361881785283,694.7647768395657,774.8642943305186,700.8950542822678,589.9342581423401,699.8733413751507,438.7207478890229,699.8733413751507]],"bbox":[280.3552472858866,694.7647768395657,577.2677925211096,36.78166465621234],"area":16933.057528581663},{"id":102,"iscrowd":0,"image_id":63,"category_id":1,"segmentation":[[776.9077201447527,424.01085645355846,804.4939686369119,426.0542822677925,831.0585042219541,523.1170084439083,859.6664656212304,608.9408926417369,882.1441495778046,678.4173703256936,858.6447527141133,678.4173703256936,811.645958986731,545.5946924004825]],"bbox":[776.9077201447527,424.01085645355846,105.23642943305185,254.40651387213512],"area":6553.587026967245},{"id":103,"iscrowd":0,"image_id":64,"category_id":1,"segmentation":[[227.0566948130276,362.6055488540408,233.13630880578995,363.69119420989125,241.38721351025316,348.9264173703255,257.0205066344992,324.8250904704461,252.67792521109754,324.8250904704461,244.86127864897452,336.9843184559709]],"bbox":[227.0566948130276,324.8250904704461,29.96381182147161,38.86610373944512],"area":189.0515845242062},{"id":104,"iscrowd":0,"image_id":64,"category_id":1,"segmentation":[[404.2340168878164,317.4427020506633,407.2738238841976,317.0084439083231,412.7020506634497,330.47044632086835,422.68998793727354,350.88057901085625,418.9987937273821,351.0977080820263,410.96501809408903,334.37876960192983,403.148371531966,318.09408926417353]],"bbox":[403.148371531966,317.0084439083231,19.541616405307536,34.089264173703214],"area":129.86099490571542},{"id":105,"iscrowd":0,"image_id":65,"category_id":1,"segmentation":[[407.58082026537994,110.97708082026537,694.673703256936,72.3763570566948,840.6326899879372,518.6972255729794,552.3335343787695,554.8854041013268]],"bbox":[407.58082026537994,72.3763570566948,433.0518697225572,482.509047044632],"area":133493.19961992948},{"id":106,"iscrowd":0,"image_id":66,"category_id":1,"segmentation":[[167.32954545454544,610.7605519480519,180.43831168831167,610.7605519480519,195.0892857142857,539.8189935064935,210.51136363636363,451.1420454545454,222.84902597402598,386.3693181818182,212.05357142857142,384.82711038961037,205.11363636363635,421.84009740259734,193.5470779220779,475.8173701298701,182.75162337662337,520.5413961038961,175.04058441558442,567.5787337662337]],"bbox":[167.32954545454544,384.82711038961037,55.51948051948054,225.93344155844153],"area":2973.006092933041},{"id":107,"iscrowd":0,"image_id":66,"category_id":1,"segmentation":[[63.230519480519476,366.3206168831169,66.31493506493506,356.29626623376623,95.61688311688312,359.3806818181818,150.36525974025975,361.6939935064935,215.137987012987,367.86282467532465,215.137987012987,376.34496753246754,177.3538961038961,374.0316558441558,132.6298701298701,370.1761363636364]],"bbox":[63.230519480519476,356.29626623376623,151.90746753246754,20.048701298701303],"area":1408.01568561309},{"id":108,"iscrowd":0,"image_id":66,"category_id":1,"segmentation":[[728.4902597402595,609.6022727272724,738.6363636363633,607.5730519480517,739.0422077922075,578.3522727272724,737.824675324675,488.66071428571405,740.6655844155841,387.1996753246751,739.8538961038957,316.58279220779207,737.4188311688308,294.66720779220765,732.548701298701,296.69642857142844,732.1428571428569,352.29707792207773,730.9253246753244,424.1314935064933,730.113636363636,493.5308441558439,728.8961038961036,548.319805194805]],"bbox":[728.4902597402595,294.66720779220765,12.175324675324646,314.93506493506476],"area":2694.152945268994},{"id":109,"iscrowd":0,"image_id":67,"category_id":1,"segmentation":[[215.25974025974025,474.22727272727275,243.5064935064935,461.56493506493507,323.3766233766234,482.9935064935065,458.76623376623377,518.0584415584416,600,550.2012987012987,725.6493506493506,575.525974025974,869.8051948051948,610.5909090909091,920.4545454545455,617.4090909090909,856.1688311688312,625.2012987012987,774.3506493506493,607.6688311688312,655.5194805194806,580.3961038961039,525,552.1493506493506,345.7792207792208,506.37012987012986]],"bbox":[215.25974025974025,461.56493506493507,705.1948051948052,163.63636363636363],"area":12267.983639736853},{"id":110,"iscrowd":0,"image_id":67,"category_id":1,"segmentation":[[29.22077922077922,536.5649350649351,52.5974025974026,520.9805194805194,133.44155844155844,540.461038961039,239.6103896103896,564.8116883116883,333.1168831168831,583.3181818181819,433.4415584415584,602.7987012987013,501.6233766233766,623.2532467532468,421.75324675324674,628,335.06493506493507,609.6168831168831,227.92207792207793,586.2402597402597,114.93506493506493,558.9675324675325]],"bbox":[29.22077922077922,520.9805194805194,472.4025974025974,107.01948051948057],"area":10410.538244223299},{"id":111,"iscrowd":0,"image_id":68,"category_id":1,"segmentation":[[106.22557297949335,161.64053075995176,439.1568154402895,193.00361881785284,358.33655006031364,792.5211097708083,44.705669481302756,740.6513872135104]],"bbox":[44.705669481302756,161.64053075995176,394.45114595898673,630.8805790108565],"area":193459.79067023072},{"id":112,"iscrowd":0,"image_id":69,"category_id":1,"segmentation":[[669.5064935064935,179.25974025974025,672,229.1298701298701,761.1428571428571,235.98701298701297,761.7662337662338,171.15584415584416]],"bbox":[669.5064935064935,171.15584415584416,92.25974025974028,64.83116883116881],"area":5202.361275088551},{"id":113,"iscrowd":0,"image_id":69,"category_id":1,"segmentation":[[324.155844155844,143.23308270676685,338.263841421736,140.9364319890635,355.98086124401897,176.04237867395753,345.48188653451797,180.63568010936424]],"bbox":[324.155844155844,140.9364319890635,31.825017088174945,39.69924812030075],"area":513.3051357032343},{"id":114,"iscrowd":0,"image_id":69,"category_id":1,"segmentation":[[349.0909090909089,143.23308270676685,358.2775119617223,140.28024606971968,379.93164730006816,178.9952153110047,368.7764866712233,183.5885167464114]],"bbox":[349.0909090909089,140.28024606971968,30.84073820915927,43.308270676691706],"area":480.09665623077376},{"id":115,"iscrowd":0,"image_id":69,"category_id":1,"segmentation":[[368.7764866712233,142.57689678742304,381.2440191387558,137.65550239234443,396.6643882433354,171.77717019822273,405.5228981544769,182.93233082706757,394.03964456596015,186.54135338345856,381.90020505809963,169.8086124401913]],"bbox":[368.7764866712233,137.65550239234443,36.74641148325355,48.885850991114125],"area":630.3690625308045},{"id":116,"iscrowd":0,"image_id":69,"category_id":1,"segmentation":[[437.01982228298,142.90498974709493,446.20642515379336,139.9521531100478,455.06493506493484,160.62200956937792,469.82911825017067,179.97949419002043,462.2829801777168,183.5885167464114,449.48735475051245,171.44907723855084]],"bbox":[437.01982228298,139.9521531100478,32.80929596719068,43.6363636363636],"area":457.9217882523981},{"id":117,"iscrowd":0,"image_id":69,"category_id":1,"segmentation":[[389.4463431305535,140.28024606971968,400.2734107997264,136.01503759398489,408.4757347915241,154.06015037593977,425.2084757347913,179.3233082706766,414.05331510594647,182.93233082706757,402.24196855775784,165.5434039644565]],"bbox":[389.4463431305535,136.01503759398489,35.76213260423782,46.91729323308269],"area":560.507463899914},{"id":118,"iscrowd":0,"image_id":69,"category_id":1,"segmentation":[[456.70539986329436,136.3431305536568,467.8605604921392,133.39029391660964,476.0628844839369,152.74777853725215,494.43609022556365,178.66712235133278,482.29665071770313,184.2447026657552,470.8133971291864,169.4805194805194]],"bbox":[456.70539986329436,133.39029391660964,37.730690362269286,50.85440874914556],"area":668.4753890567454},{"id":119,"iscrowd":0,"image_id":70,"category_id":1,"segmentation":[[91.46079613992764,833.9601930036188,228.76598311218336,910.4909529553678,488.74547647768395,811.4511459589867,331.1821471652593,713.536791314837]],"bbox":[91.46079613992764,713.536791314837,397.2846803377563,196.95416164053074],"area":37970.7904468738},{"id":120,"iscrowd":0,"image_id":71,"category_id":1,"segmentation":[[272.7683956574186,454.4571773220748,292.63208685162846,462.88419782870926,367.8733413751508,420.14716525934864,474.4149577804584,365.3715319662244,574.335343787696,309.9939686369119,603.8299155609168,294.3437876960193,585.1700844390832,290.13027744270204,540.0253317249699,316.6151990349819,486.453558504222,344.30398069963815,431.6779252110977,369.5850422195416,366.06755126658624,403.2931242460796]],"bbox":[272.7683956574186,290.13027744270204,331.0615199034982,172.75392038600722],"area":5057.983967778402},{"id":121,"iscrowd":0,"image_id":71,"category_id":1,"segmentation":[[611.6550060313631,263.043425814234,623.6936067551266,261.83956574185765,618.276236429433,232.9469240048251,609.8492159227985,203.45235223160435,602.6260554885404,205.2581423401689,603.8299155609168,226.32569360675512]],"bbox":[602.6260554885404,203.45235223160435,21.06755126658618,59.59107358262966],"area":678.8060862201073},{"id":122,"iscrowd":0,"image_id":71,"category_id":1,"segmentation":[[517.151990349819,257.62605548854043,528.5886610373944,257.62605548854043,534.006031363088,236.55850422195417,544.238841978287,207.06393244873342,535.8118214716526,207.06393244873342,529.1905910735826,226.32569360675512]],"bbox":[517.151990349819,207.06393244873342,27.086851628468025,50.562123039807005],"area":461.95770479351813},{"id":123,"iscrowd":0,"image_id":71,"category_id":1,"segmentation":[[431.6779252110977,248.59710494571775,439.503015681544,249.8009650180941,451.5416164053076,236.55850422195417,466.5898673100121,220.9083232810615,485.85162846803377,199.84077201447528,476.8226779252111,200.44270205066346,465.9879372738239,211.87937273823883,453.9493365500603,226.32569360675512]],"bbox":[431.6779252110977,199.84077201447528,54.17370325693605,49.960193003618826],"area":404.7111813759666},{"id":124,"iscrowd":0,"image_id":71,"category_id":1,"segmentation":[[349.81544028950543,243.7816646562123,361.854041013269,243.7816646562123,381.7177322074789,232.3449939686369,400.3775633293124,219.70446320868515,416.62967430639327,206.46200241254525,425.6586248492159,199.2388419782871,417.8335343787696,198.03498190591074,400.9794933655006,213.0832328106152,379.9119420989144,226.32569360675512]],"bbox":[349.81544028950543,198.03498190591074,75.8431845597105,45.746682750301574],"area":453.98666988727473},{"id":125,"iscrowd":0,"image_id":71,"category_id":1,"segmentation":[[127.70325693606756,417.7394451145959,139.13992762364296,427.37032569360673,170.44028950542824,414.729794933655,231.23522316043426,391.25452352231605,294.437876960193,364.7696019300362,364.8636911942099,335.27503015681543,419.63932448733414,317.21712907117006,491.2689987937274,284.11097708082025,475.61881785283475,278.69360675512667,438.90108564535586,294.94571773220747,376.90229191797346,318.4209891435464,313.6996381182147,341.2943305186972,230.0313630880579,376.80820265379975]],"bbox":[127.70325693606756,278.69360675512667,363.5657418576599,148.67671893848006],"area":4969.577944272816},{"id":126,"iscrowd":0,"image_id":71,"category_id":1,"segmentation":[[8.521109770808206,391.25452352231605,19.35585042219542,396.67189384800963,67.5102533172497,383.42943305186975,166.82870928829917,350.9252110977081,225.21592279855247,332.26537997587457,280.5934861278649,313.605548854041,319.7189384800965,302.7708082026538,393.15440289505426,275.68395657418574,385.93124246079617,272.07237635705667,344.39806996381185,285.9167671893848,290.82629674306395,301.56694813027747,245.68154402895055,316.0132689987937,187.8962605548854,332.26537997587457,159.60554885404102,343.1001206272618,78.94692400482509,365.97346200241253]],"bbox":[8.521109770808206,272.07237635705667,384.63329312424605,124.59951749095296],"area":3857.6185748521993},{"id":127,"iscrowd":0,"image_id":72,"category_id":1,"segmentation":[[211.53196622436673,269.58745476477685,194.85645355850423,251.9855247285887,167.52714113389627,232.53075995174913,181.42340168878167,227.89867310012065,218.4800965018094,260.32328106151994]],"bbox":[167.52714113389627,227.89867310012065,50.95295536791315,41.688781664656204],"area":565.3716236371238},{"id":128,"iscrowd":0,"image_id":72,"category_id":1,"segmentation":[[69.32689987937273,263.10253317249703,79.51749095295536,261.2496984318456,116.11097708082026,302.475271411339,104.06755126658624,303.86489746682753]],"bbox":[69.32689987937273,261.2496984318456,46.78407720144753,42.61519903498191],"area":513.5548315656373},{"id":129,"iscrowd":0,"image_id":72,"category_id":1,"segmentation":[[119.81664656212304,321.9300361881786,129.5440289505428,318.68757539203864,148.99879372738238,340.9215922798553,174.0120627261761,371.95657418576604,163.35826296743065,376.5886610373945,140.66103739445114,349.7225572979494]],"bbox":[119.81664656212304,318.68757539203864,54.19541616405307,57.90108564535586],"area":782.4013759365339},{"id":130,"iscrowd":0,"image_id":72,"category_id":1,"segmentation":[[320.8492159227986,245.9638118214717,326.87092882991556,243.1845597104946,343.5464414957781,253.37515078407722,388.01447527141136,279.31483715319666,383.3823884197829,284.41013268998796,356.9794933655006,270.0506634499397]],"bbox":[320.8492159227986,243.1845597104946,67.16525934861278,41.225572979493364],"area":490.38210467652516},{"id":131,"iscrowd":0,"image_id":73,"category_id":1,"segmentation":[[927.2727272727273,288.7987012987013,926.2987012987013,324.8376623376623,1098.7012987012986,324.8376623376623,1094.8051948051948,291.7207792207792]],"bbox":[926.2987012987013,288.7987012987013,172.40259740259728,36.03896103896102],"area":5874.989458593351},{"id":132,"iscrowd":0,"image_id":73,"category_id":1,"segmentation":[[10.714285714285714,530.3571428571429,10.714285714285714,543.0194805194806,176.2987012987013,537.1753246753246,357.46753246753246,533.2792207792207,355.5194805194805,518.6688311688312,242.53246753246754,522.5649350649351,98.37662337662337,525.487012987013]],"bbox":[10.714285714285714,518.6688311688312,346.75324675324674,24.350649350649405],"area":4730.350818013144},{"id":133,"iscrowd":0,"image_id":74,"category_id":1,"segmentation":[[190.52822177822176,371.1894355644355,204.32692307692304,366.94368131868123,213.34915084915082,390.2953296703296,228.74000999000995,441.24438061938054,255.275974025974,508.6457292707292,272.25899100899096,555.349025974026,249.96878121878117,559.5947802197802,237.23151848151846,509.17644855144846,221.30994005994003,456.10452047952043,201.14260739260737,397.19468031968023]],"bbox":[190.52822177822176,366.94368131868123,81.7307692307692,192.65109890109898],"area":3053.789757320599},{"id":134,"iscrowd":0,"image_id":74,"category_id":1,"segmentation":[[357.17407592407585,435.4064685314685,371.5034965034965,431.1607142857142,344.43681318681314,378.08878621378614,300.9178321678321,304.8495254745254,284.99625374625373,306.4416833166833,304.1021478521478,335.6312437562437,326.3923576423576,379.15022477522473]],"bbox":[284.99625374625373,304.8495254745254,86.50724275724275,130.55694305694306],"area":2166.8331122548807},{"id":135,"iscrowd":0,"image_id":74,"category_id":1,"segmentation":[[614.0422077922077,261.8612637362637,620.410839160839,257.0847902097902,644.2932067932068,275.1292457542457,675.074925074925,301.13449050949043,728.6775724275724,339.87699800199795,748.3141858141857,355.26785714285705,738.2305194805194,359.5136113886113,703.7337662337661,331.38548951048944,666.0526973026972,299.54233266733263]],"bbox":[614.0422077922077,257.0847902097902,134.27197802197804,102.42882117882112],"area":1125.1026734566658},{"id":136,"iscrowd":0,"image_id":75,"category_id":1,"segmentation":[[626.6344993968637,1842.711700844391,673.7563329312425,1845.1917973462005,696.0772014475272,1361.5729794933657,715.9179734620025,1029.240048250905,676.2364294330519,1021.7997587454767,676.2364294330519,1185.4861278648975,641.5150784077201,1589.7418576598313]],"bbox":[626.6344993968637,1021.7997587454767,89.28347406513876,823.3920386007238],"area":31984.56902309379},{"id":137,"iscrowd":0,"image_id":76,"category_id":1,"segmentation":[[35.31966224366708,507.4427020506634,31.76115802171292,520.2533172496984,90.832328106152,518.1182147165259,194.74065138721352,518.1182147165259,295.09047044632086,519.5416164053075,406.11580217129074,519.5416164053075,556.2846803377563,522.3884197828709,619.6260554885404,525.9469240048251,616.779252110977,510.28950542822673,552.7261761158022,512.4246079613993,415.36791314837154,508.1544028950542,277.29794933655006,505.3075995174909]],"bbox":[31.76115802171292,505.3075995174909,587.8648974668274,20.639324487334136],"area":7040.601477502071},{"id":138,"iscrowd":0,"image_id":76,"category_id":1,"segmentation":[[105.77804583835947,140.20506634499395,124.28226779252111,140.91676718938479,105.77804583835947,206.39324487334136,86.562123039807,298.2026537997587,53.112183353437885,452.6417370325693,30.337756332931257,508.1544028950542,21.08564535585044,500.32569360675507,43.148371531966234,425.59710494571766,75.17490952955369,302.4728588661037,96.52593486127866,190.02412545235222]],"bbox":[21.08564535585044,140.20506634499395,103.19662243667068,367.94933655006025],"area":4966.156632098489},{"id":139,"iscrowd":0,"image_id":77,"category_id":1,"segmentation":[[436.67068757539187,1143.5464414957778,456.93606755126643,1139.203860072376,490.229191797346,1227.5030156815437,539.4451145958985,1346.2002412545232,591.5560916767188,1509.7708082026534,659.5898673100119,1692.1592279855242,689.9879372738237,1789.1435464414953,634.9819059107356,1800.7237635705665,594.4511459589866,1648.7334137515074,532.207478890229,1450.4221954161637,472.8588661037393,1276.718938480096]],"bbox":[436.67068757539187,1139.203860072376,253.31724969843185,661.5199034981904],"area":27699.27871008862},{"id":140,"iscrowd":0,"image_id":77,"category_id":1,"segmentation":[[642.2195416164051,1010.3739445114594,676.9601930036187,1003.1363088057899,737.7563329312422,1105.9107358262966,813.0277442702048,1213.0277442702047,846.3208685162845,1299.8793727382385,813.0277442702048,1301.3268998793724,760.9167671893846,1213.0277442702047,707.3582629674304,1104.4632086851625]],"bbox":[642.2195416164051,1003.1363088057899,204.10132689987938,298.1905910735825],"area":11561.009893181574},{"id":141,"iscrowd":0,"image_id":78,"category_id":1,"segmentation":[[561.9800965018094,794.8407720144753,591.9113389626056,794.8407720144753,596.3455971049457,660.7044632086852,594.1284680337757,547.6308805790109,590.8027744270205,448.9686369119421,568.6314837153196,451.18576598311216,568.6314837153196,497.74547647768395,564.1972255729795,570.9107358262968,563.0886610373944,658.4873341375151,560.8715319662243,801.4921592279856]],"bbox":[560.8715319662243,448.9686369119421,35.47406513872136,352.52352231604345],"area":10257.756255811255},{"id":142,"iscrowd":0,"image_id":78,"category_id":1,"segmentation":[[569.7400482509047,425.6887816646562,593.0199034981906,423.4716525934861,594.1284680337757,360.2834740651387,593.0199034981906,261.62123039806994,571.9571773220748,258.2955367913148,571.9571773220748,330.3522316043426]],"bbox":[569.7400482509047,258.2955367913148,24.388419782870983,167.39324487334136],"area":3660.324309085183},{"id":143,"iscrowd":0,"image_id":79,"category_id":1,"segmentation":[[339.93506493506493,608.6688311688313,370.12987012987014,614.5129870129871,404.2207792207792,499.57792207792215,447.0779220779221,352.50000000000006,477.27272727272725,260.94155844155847,459.7402597402597,260.94155844155847,432.46753246753246,346.6558441558442,392.53246753246754,454.7727272727273]],"bbox":[339.93506493506493,260.94155844155847,137.33766233766232,353.5714285714286],"area":8147.189660988362},{"id":144,"iscrowd":0,"image_id":79,"category_id":1,"segmentation":[[656.4935064935065,255.09740259740263,675,252.1753246753247,702.2727272727273,371.9805194805195,747.077922077922,533.6688311688313,761.6883116883117,598.9285714285716,740.2597402597403,601.8506493506494,725.6493506493506,532.6948051948053,693.5064935064935,424.5779220779221,676.9480519480519,343.7337662337663]],"bbox":[656.4935064935065,252.1753246753247,105.19480519480521,349.6753246753247],"area":7255.861022094796},{"id":145,"iscrowd":0,"image_id":80,"category_id":1,"segmentation":[[211.80156815440287,952.357056694813,231.56513872135102,991.8841978287093,309.38419782870926,948.6513872135101,425.4951749095295,885.655006031363,565.0753920386007,800.4246079613993,673.7750301568154,732.4873341375151,647.8353437876959,701.6067551266585,591.0150784077201,732.4873341375151,500.84378769601926,781.8962605548853,424.25995174909525,828.8347406513872,353.85223160434253,872.0675512665862]],"bbox":[211.80156815440287,701.6067551266585,461.9734620024126,290.27744270205073],"area":23438.211957668427},{"id":146,"iscrowd":0,"image_id":80,"category_id":1,"segmentation":[[219.21290711700843,358.2147165259348,248.85826296743062,343.39203860072377,282.2092882991556,381.68395657418574,314.3250904704463,422.44632086851624,287.1501809408926,437.26899879372735,253.79915560916766,401.4475271411339]],"bbox":[219.21290711700843,343.39203860072377,95.11218335343787,93.87696019300358],"area":3400.9552747871585},{"id":147,"iscrowd":0,"image_id":81,"category_id":1,"segmentation":[[273.2991556091677,737.2738238841978,270.9951749095296,758.0096501809409,344.7225572979494,759.16164053076,446.0977080820266,760.313630880579,537.1049457177322,761.465621230398,651.1519903498191,764.9215922798553,784.78287092883,764.9215922798553,896.5259348612788,763.7696019300362,1038.220747889023,766.0735826296743,1236.3630880579012,761.465621230398,1229.451145958987,741.8817852834741,1163.7876960193005,744.1857659831122,1032.4607961399277,741.8817852834741,1032.4607961399277,741.8817852834741,912.6537997587455,747.6417370325694,838.9264173703258,745.3377563329312,743.3112183353438,745.3377563329312,637.3281061519904,739.5778045838359,527.8890229191798,738.4258142340169]],"bbox":[270.9951749095296,737.2738238841978,965.3679131483716,28.799758745476538],"area":20350.135341896083},{"id":148,"iscrowd":0,"image_id":81,"category_id":1,"segmentation":[[1094.6682750301568,331.773220747889,1106.1881785283474,329.4692400482509,1123.4680337756333,370.94089264173704,1144.2038600723765,437.75633293124247,1171.8516284680338,523.0036188178528,1206.4113389626057,623.226779252111,1229.451145958987,711.9300361881785,1213.32328106152,714.2340168878167,1189.1314837153197,632.4427020506635,1163.7876960193005,549.4993968636912,1141.8998793727383,476.9240048250905,1115.4041013269,391.6767189384801]],"bbox":[1094.6682750301568,329.4692400482509,134.7828709288301,384.76477683956574],"area":6294.34881649958},{"id":149,"iscrowd":0,"image_id":82,"category_id":1,"segmentation":[[169.55844155844156,230.64935064935065,183.89610389610388,266.8051948051948,263.06493506493507,256.2077922077922,349.09090909090907,241.24675324675323,438.23376623376623,230.02597402597402,415.16883116883116,190.75324675324674,356.57142857142856,200.1038961038961,266.8051948051948,213.8181818181818]],"bbox":[169.55844155844156,190.75324675324674,268.67532467532465,76.05194805194805],"area":10177.781076066789},{"id":150,"iscrowd":0,"image_id":82,"category_id":1,"segmentation":[[370.2857142857143,111.58441558441558,403.94805194805195,102.85714285714286,458.1818181818182,173.92207792207793,413.9220779220779,184.5194805194805,371.53246753246754,114.7012987012987]],"bbox":[370.2857142857143,102.85714285714286,87.89610389610391,81.66233766233765],"area":3300.5606341710263},{"id":151,"iscrowd":0,"image_id":82,"category_id":1,"segmentation":[[344.1038961038961,335.37662337662334,392.1038961038961,364.05194805194805,580.9870129870129,147.74025974025975,537.3506493506493,128.41558441558442]],"bbox":[344.1038961038961,128.41558441558442,236.88311688311683,235.63636363636363],"area":14282.351829988185},{"id":152,"iscrowd":0,"image_id":82,"category_id":1,"segmentation":[[363.42857142857144,376.5194805194805,385.24675324675326,421.4025974025974,650.1818181818181,246.85714285714286,614.6493506493506,214.44155844155844]],"bbox":[363.42857142857144,214.44155844155844,286.7532467532467,206.96103896103895],"area":14800.936414235108},{"id":153,"iscrowd":0,"image_id":83,"category_id":1,"segmentation":[[53.7394451145959,181.30277442702052,74.00482509047045,175.15078407720145,84.13751507840773,203.37756332931244,112.00241254523523,228.70928829915562,90.28950542822679,237.03256936067552]],"bbox":[53.7394451145959,175.15078407720145,58.26296743063933,61.88178528347407],"area":1151.7793612429996},{"id":154,"iscrowd":0,"image_id":83,"category_id":1,"segmentation":[[153.98069963811824,156.3329312424608,171.35102533172497,151.26658624849216,203.92038600723765,197.94933655006034,180.7599517490953,206.27261761158024]],"bbox":[153.98069963811824,151.26658624849216,49.939686369119414,55.006031363088084],"area":1177.7091296939484},{"id":155,"iscrowd":0,"image_id":83,"category_id":1,"segmentation":[[189.08323281061521,150.18094089264176,206.45355850422197,143.30518697225574,232.14716525934864,187.45476477683957,213.69119420989145,197.58745476477685]],"bbox":[189.08323281061521,143.30518697225574,43.063932448733425,54.28226779252111],"area":1033.91677737504},{"id":156,"iscrowd":0,"image_id":83,"category_id":1,"segmentation":[[218.7575392038601,138.60072376357058,233.956574185766,133.53437876960194,262.183353437877,173.3413751507841,247.70808202653802,181.66465621230398]],"bbox":[218.7575392038601,133.53437876960194,43.42581423401688,48.13027744270204],"area":806.1800736568384},{"id":157,"iscrowd":0,"image_id":84,"category_id":1,"segmentation":[[757.1905910735826,1435.0458383594691,783.248492159228,1435.0458383594691,818.6127864897467,1228.443908323281,794.4161640530759,1220.9987937273822]],"bbox":[757.1905910735826,1220.9987937273822,61.42219541616407,214.0470446320869],"area":5419.988418182282},{"id":158,"iscrowd":0,"image_id":84,"category_id":1,"segmentation":[[805.583835946924,1187.4957780458383,844.670687575392,1198.6634499396864,1215.0651387213509,906.4427020506635,1183.4234016887815,906.4427020506635]],"bbox":[805.583835946924,906.4427020506635,409.4813027744269,292.22074788902296],"area":12225.720120016136},{"id":159,"iscrowd":0,"image_id":85,"category_id":1,"segmentation":[[173.94451145958988,318.45597104945716,215.44028950542824,301.56815440289506,356.3329312424608,363.32931242460796,320.1447527141134,378.7696019300362]],"bbox":[173.94451145958988,301.56815440289506,182.38841978287093,77.20144752714111],"area":4691.105449180124},{"id":160,"iscrowd":0,"image_id":86,"category_id":1,"segmentation":[[1.9499396863691258,534.4173703256936,9.573582629674313,530.605548854041,74.3745476477684,599.2183353437877,64.46381182147165,604.5548854041014]],"bbox":[1.9499396863691258,530.605548854041,72.42460796139927,73.94933655006037],"area":899.4059434754355},{"id":161,"iscrowd":0,"image_id":87,"category_id":1,"segmentation":[[64.23401688781664,450.5428226779252,198.13027744270204,476.47768395657414,302.4728588661037,203.25693606755124,182.44873341375148,178.52834740651386]],"bbox":[64.23401688781664,178.52834740651386,238.23884197828707,297.94933655006025],"area":37430.46471325197},{"id":162,"iscrowd":0,"image_id":88,"category_id":1,"segmentation":[[559.3531468531467,659.1720779220776,569.4680319680317,661.5322177822176,560.3646353646351,607.9233266733264,553.2842157842156,607.5861638361636]],"bbox":[553.2842157842156,607.5861638361636,16.183816183816134,53.94605394605401],"area":441.9830918332416},{"id":163,"iscrowd":0,"image_id":88,"category_id":1,"segmentation":[[755.3571428571425,609.2803030303029,766.0714285714283,605.384199134199,801.1363636363634,657.4945887445886,792.8571428571425,658.9556277056275]],"bbox":[755.3571428571425,605.384199134199,45.77922077922085,53.571428571428555],"area":580.5020871985146},{"id":164,"iscrowd":0,"image_id":89,"category_id":1,"segmentation":[[117.97346200241255,913.3896260554886,290.22919179734623,995.8986731001207,611.5802171290712,867.068757539204,414.7165259348613,752.714113389626]],"bbox":[117.97346200241255,752.714113389626,493.6067551266587,243.18455971049468],"area":57135.58998953791},{"id":165,"iscrowd":0,"image_id":90,"category_id":1,"segmentation":[[180.6393244873341,410.735826296743,227.08082026537997,439.0832328106152,324.78890229191796,378.1664656212304,266.2846803377563,347.40651387213506]],"bbox":[180.6393244873341,347.40651387213506,144.14957780458386,91.67671893848012],"area":5969.157835460926},{"id":166,"iscrowd":0,"image_id":90,"category_id":1,"segmentation":[[50.96501809408926,305.79010856453556,76.89987937273823,321.4716525934861,172.19541616405306,276.83956574185765,150.48250904704463,262.96743063932445]],"bbox":[50.96501809408926,262.96743063932445,121.2303980699638,58.504221954161665],"area":2481.116522442638},{"id":167,"iscrowd":0,"image_id":91,"category_id":1,"segmentation":[[368.7068757539204,810.3063932448733,361.2955367913148,741.1338962605548,376.1182147165259,741.1338962605548,389.7056694813027,814.012062726176]],"bbox":[361.2955367913148,741.1338962605548,28.410132689987904,72.87816646562123],"area":1252.662306236096},{"id":168,"iscrowd":0,"image_id":92,"category_id":1,"segmentation":[[162.3642943305187,293.8480096501809,200.96501809408926,279.8552472858866,327.86489746682753,353.1966224366707,291.1942098914355,369.6019300361882]],"bbox":[162.3642943305187,279.8552472858866,165.50060313630883,89.7466827503016],"area":4749.0763793196265},{"id":169,"iscrowd":0,"image_id":93,"category_id":1,"segmentation":[[3.317249698431845,360.67551266586247,101.02533172496983,399.276236429433,203.55850422195414,362.4849215922798,108.86610373944511,322.67792521109766]],"bbox":[3.317249698431845,322.67792521109766,200.2412545235223,76.59831121833537],"area":7676.164547807829},{"id":170,"iscrowd":0,"image_id":93,"category_id":1,"segmentation":[[123.34137515078406,300.96501809408926,217.43063932448732,331.12183353437877,292.82267792521105,98.91435464414957,190.89264173703256,86.85162846803377]],"bbox":[123.34137515078406,86.85162846803377,169.48130277442698,244.270205066345],"area":23380.626301399367},{"id":171,"iscrowd":0,"image_id":94,"category_id":1,"segmentation":[[121.93968636911941,130.69240048250902,125.57780458383594,170.15199034981904,312.52110977080815,164.5548854041013,305.24487334137507,125.0952955367913]],"bbox":[121.93968636911941,125.0952955367913,190.58142340168874,45.05669481302775],"area":7335.471218975583},{"id":172,"iscrowd":0,"image_id":95,"category_id":1,"segmentation":[[106.16883116883116,514.7727272727273,146.1038961038961,511.85064935064935,257.14285714285717,277.11038961038963,231.8181818181818,274.18831168831167]],"bbox":[106.16883116883116,274.18831168831167,150.974025974026,240.58441558441558],"area":7754.891212683428},{"id":173,"iscrowd":0,"image_id":95,"category_id":1,"segmentation":[[169.4805194805195,513.7987012987013,168.5064935064935,537.1753246753246,712.987012987013,506.0064935064935,712.987012987013,490.4220779220779]],"bbox":[168.5064935064935,490.4220779220779,544.4805194805195,46.75324675324674],"area":10583.993928149763},{"id":174,"iscrowd":0,"image_id":95,"category_id":1,"segmentation":[[436.3636363636364,261.52597402597405,459.7402597402597,257.62987012987014,433.4415584415584,192.37012987012986,418.83116883116884,192.37012987012986]],"bbox":[418.83116883116884,192.37012987012986,40.90909090909088,69.15584415584419],"area":1319.2043346264109},{"id":175,"iscrowd":0,"image_id":96,"category_id":1,"segmentation":[[32.34981905910735,886.5090470446322,40.46803377563328,1159.2810615199037,865.2786489746683,1167.3992762364296,824.6875753920386,832.928829915561,22.60796139927622,897.8745476477685]],"bbox":[22.60796139927622,832.928829915561,842.6706875753921,334.47044632086863],"area":241812.2223965102},{"id":176,"iscrowd":0,"image_id":97,"category_id":1,"segmentation":[[13.237032569360656,440.2123039806997,20.163449939686352,429.4378769601931,272.5928829915561,604.1375150784078,268.7448733413752,619.5295536791316]],"bbox":[13.237032569360656,429.4378769601931,259.35585042219543,190.09167671893852],"area":4276.313083765374},{"id":177,"iscrowd":0,"image_id":98,"category_id":1,"segmentation":[[427.503015681544,1140.6513872135104,431.3630880579011,1210.1326899879373,882.9915560916768,1239.0832328106153,869.481302774427,1127.1411338962605]],"bbox":[427.503015681544,1127.1411338962605,455.48854041013277,111.9420989143548],"area":40463.243607409924},{"id":178,"iscrowd":0,"image_id":99,"category_id":1,"segmentation":[[696.4053075995175,1905.6405307599518,806.6489746682751,1893.8287092882993,712.1544028950543,1129.997587454765,653.0952955367914,1149.683956574186]],"bbox":[653.0952955367914,1129.997587454765,153.5536791314837,775.6429433051869],"area":65411.21713052617},{"id":179,"iscrowd":0,"image_id":99,"category_id":1,"segmentation":[[1460.2364294330519,2370.2388419782874,1613.7901085645356,2334.8033775633294,1401.177322074789,1744.2123039806997,1196.4390832328106,1181.1821471652595,1113.7563329312425,1244.1785283474067,1267.3100120627262,1795.3968636911943]],"bbox":[1113.7563329312425,1181.1821471652595,500.0337756332931,1189.056694813028],"area":163074.60566526162},{"id":180,"iscrowd":0,"image_id":99,"category_id":1,"segmentation":[[1542.91917973462,1157.5585042219543,1617.7273823884198,1149.683956574186,1814.5910735826299,1472.54041013269,2247.6911942098914,2090.692400482509,2109.8866103739447,2137.9396863691195,1759.4692400482509,1547.3486127864899]],"bbox":[1542.91917973462,1149.683956574186,704.7720144752714,988.2557297949336],"area":113901.86464428063},{"id":181,"iscrowd":0,"image_id":100,"category_id":1,"segmentation":[[781.8181818181818,909.0584415584416,805.1948051948052,914.2532467532468,923.3766233766233,816.8506493506494,1148.051948051948,631.1363636363636,1128.5714285714287,633.7337662337662,1044.155844155844,699.9675324675325,928.5714285714286,796.0714285714286]],"bbox":[781.8181818181818,631.1363636363636,366.23376623376635,283.1168831168832],"area":6078.5967279474135},{"id":182,"iscrowd":0,"image_id":101,"category_id":1,"segmentation":[[67.48371531966224,2188.661037394451,151.38238841978287,2214.195416164053,607.3534378769601,1794.7020506634499,1048.733413751508,1375.2086851628467,1015.9034981905911,1356.9698431845597,756.9119420989143,1583.1314837153195,414.021712907117,1874.952955367913]],"bbox":[67.48371531966224,1356.9698431845597,981.2496984318457,857.2255729794931],"area":75685.74675841522},{"id":183,"iscrowd":0,"image_id":102,"category_id":1,"segmentation":[[90.16887816646562,261.1580217129071,80.51869722557298,387.816646562123,380.8805790108564,400.4825090470446,369.4209891435464,272.0144752714113]],"bbox":[80.51869722557298,261.1580217129071,300.36188178528346,139.32448733413747],"area":36958.10494426263},{"id":184,"iscrowd":0,"image_id":103,"category_id":1,"segmentation":[[79.61399276236429,659.1073582629674,202.17129071170086,735.3437876960194,486.85162846803377,579.0108564535585,378.7696019300362,512.4246079613993]],"bbox":[79.61399276236429,512.4246079613993,407.2376357056695,222.91917973462012],"area":38318.08637726796},{"id":185,"iscrowd":0,"image_id":104,"category_id":1,"segmentation":[[278.8334634215567,546.586248492159,294.6370538565244,546.0412970978498,255.94550486056897,730.23486837437,237.96210884836432,726.4202086142054]],"bbox":[237.96210884836432,546.0412970978498,56.67494500816008,184.19357127652017],"area":3139.8851902931924},{"id":186,"iscrowd":0,"image_id":104,"category_id":1,"segmentation":[[277.042908840255,729.2228157849387,275.05772876098564,741.7956229536445,904.3598138893674,749.0746165776321,904.3598138893674,733.1931759434774]],"bbox":[275.05772876098564,729.2228157849387,629.3020851283818,19.85180079269344],"area":8944.620033331134},{"id":187,"iscrowd":0,"image_id":104,"category_id":1,"segmentation":[[826.9377907978629,543.9393417198,839.5105979665688,541.2924349474409,910.9770808202651,721.9438221609511,899.7277270377389,721.2820954678614]],"bbox":[826.9377907978629,541.2924349474409,84.03929002240216,180.65138721351013],"area":2203.6422537689823},{"id":188,"iscrowd":0,"image_id":105,"category_id":1,"segmentation":[[252.11097708082025,388.118214716526,294.63208685162846,428.8299155609168,456.57418576598315,276.8395657418577,416.767189384801,243.36550060313633]],"bbox":[252.11097708082025,243.36550060313633,204.4632086851629,185.46441495778046],"area":12164.810088455148},{"id":189,"iscrowd":0,"image_id":105,"category_id":1,"segmentation":[[718.9384800965018,229.79493365500605,771.4113389626056,192.70205066344997,870.928829915561,396.26055488540413,810.313630880579,427.92521109770814]],"bbox":[718.9384800965018,192.70205066344997,151.99034981905913,235.22316043425818],"area":14637.878124267907},{"id":190,"iscrowd":0,"image_id":106,"category_id":1,"segmentation":[[3028.651490554898,2149.32168683589,3075.433884297519,2147.2876697166457,3063.2297815820525,2450.35622048406,3069.3318329397857,2704.6083603896086,2992.0391824084986,2680.200154958676]],"bbox":[2992.0391824084986,2147.2876697166457,83.39470188902033,557.3206906729629],"area":31517.384936027258}],"categories":[{"id":1,"name":"tape"}]}